{"_type":"export","__export_format":4,"__export_date":"2021-05-18T22:44:10.319Z","__export_source":"insomnia.desktop.app:v2021.3.0","resources":[{"_id":"req_c366fecd677b4583988e1abb72b769db","parentId":"fld_ab0255b205b8498e876a49f5de80e75a","modified":1621376965409,"created":1621165538642,"url":"{{ _.rootLocalHost }}{{ _.song }}/1805202191aa2fad5e1b","name":"Get Song By Id - OK","description":"","method":"GET","body":{},"parameters":[],"headers":[],"authentication":{},"metaSortKey":-1620948183660,"isPrivate":false,"settingStoreCookies":true,"settingSendCookies":true,"settingDisableRenderRequestBody":false,"settingEncodeUrl":true,"settingRebuildPath":true,"settingFollowRedirects":"global","_type":"request"},{"_id":"fld_ab0255b205b8498e876a49f5de80e75a","parentId":"wrk_bac26fc12fbd4471a52cd17167c8666f","modified":1620476586000,"created":1620476586000,"name":"backend-daccord-porto-round3-fight","description":"","environment":{},"environmentPropertyOrder":null,"metaSortKey":-1620476586000,"_type":"request_group"},{"_id":"wrk_bac26fc12fbd4471a52cd17167c8666f","parentId":null,"modified":1590968663704,"created":1590968663704,"name":"Insomnia","description":"","scope":"collection","_type":"workspace"},{"_id":"req_cd19fa3cba5f4340b13f83311770ec62","parentId":"fld_ab0255b205b8498e876a49f5de80e75a","modified":1621376956988,"created":1621165553342,"url":"{{ _.rootLocalHost }}{{ _.song }}/all","name":"Get All Song - OK","description":"","method":"GET","body":{},"parameters":[],"headers":[],"authentication":{},"metaSortKey":-1620948183635,"isPrivate":false,"settingStoreCookies":true,"settingSendCookies":true,"settingDisableRenderRequestBody":false,"settingEncodeUrl":true,"settingRebuildPath":true,"settingFollowRedirects":"global","_type":"request"},{"_id":"req_a3cc6d9d5c61401fa767889a4e88ce44","parentId":"fld_ab0255b205b8498e876a49f5de80e75a","modified":1621376946127,"created":1621294797828,"url":"{{ _.rootLocalHost }}{{ _.song }}/add","name":"Post Song - OK","description":"","method":"POST","body":{"mimeType":"application/json","text":"{\n    \"artist\": \"Criolo\",\n    \"bpm\": 56,\n    \"genre\": 20,\n    \"link_audio\": \"Teste Criolo\",\n    \"title\": \"Teste Criolo\",\n\t  \"time_signature\": [10, 5, 2 , 8]\n  }"},"parameters":[],"headers":[{"name":"Content-Type","value":"application/json","id":"pair_b95856e4af4449258b7f3be088c14ca4"}],"authentication":{},"metaSortKey":-1620948183622.5,"isPrivate":false,"settingStoreCookies":true,"settingSendCookies":true,"settingDisableRenderRequestBody":false,"settingEncodeUrl":true,"settingRebuildPath":true,"settingFollowRedirects":"global","_type":"request"},{"_id":"req_8cc90a2e122d4c46b14d5d96d192d58d","parentId":"fld_ab0255b205b8498e876a49f5de80e75a","modified":1621377052917,"created":1621295106139,"url":"{{ _.rootLocalHost }}{{ _.song }}/delete/1805202191aa2fad5e1b","name":"Delete Song By Id - OK","description":"","method":"DELETE","body":{},"parameters":[],"headers":[],"authentication":{},"metaSortKey":-1620948183616.25,"isPrivate":false,"settingStoreCookies":true,"settingSendCookies":true,"settingDisableRenderRequestBody":false,"settingEncodeUrl":true,"settingRebuildPath":true,"settingFollowRedirects":"global","_type":"request"},{"_id":"req_3b68f522db2f476f8c2a5d01be7f938e","parentId":"fld_ab0255b205b8498e876a49f5de80e75a","modified":1621377028896,"created":1621295154881,"url":"{{ _.rootLocalHost }}{{ _.song }}/update","name":"Put Song - OK","description":"","method":"PUT","body":{"mimeType":"application/json","text":"{\n  \"_id\": \"1805202191aa2fad5e1b\",\n  \"artist\": \"Criolo 2\",\n  \"artist_id\": \"1505202165bd646e9899\",\n  \"bpm\": 56,\n  \"genre\": 40,\n  \"link_audio\": \"Teste Criolo\",\n  \"title\": \"Teste Criolo\",\n  \"time_signature\": [\n    10,\n    5,\n    2,\n    8,\n\t\t5,\n\t\t9\n  ]\n}"},"parameters":[],"headers":[{"name":"Content-Type","value":"application/json","id":"pair_db166025ecb1472c8f8de3705916a1d8"}],"authentication":{},"metaSortKey":-1620948183613.125,"isPrivate":false,"settingStoreCookies":true,"settingSendCookies":true,"settingDisableRenderRequestBody":false,"settingEncodeUrl":true,"settingRebuildPath":true,"settingFollowRedirects":"global","_type":"request"},{"_id":"req_f0ff8c47a19141faa6641de7162861a1","parentId":"fld_ab0255b205b8498e876a49f5de80e75a","modified":1621165593429,"created":1620947865599,"url":"{{ _.rootLocalHost }}{{ _.counters }}/Bp1IsLTDVtUfa4fAfC7C","name":"Get Counters By Id - OK","description":"","method":"GET","body":{},"parameters":[],"headers":[],"authentication":{},"metaSortKey":-1620948183610,"isPrivate":false,"settingStoreCookies":true,"settingSendCookies":true,"settingDisableRenderRequestBody":false,"settingEncodeUrl":true,"settingRebuildPath":true,"settingFollowRedirects":"global","_type":"request"},{"_id":"req_2970df83d7114f49ba2dc0beb32ca61e","parentId":"fld_ab0255b205b8498e876a49f5de80e75a","modified":1621112787274,"created":1620948183497,"url":"{{ _.rootLocalHost }}{{ _.counters }}{{ _.increment }}{{ _.artist }}","name":"Put Counter Increment Artists - OK","description":"","method":"PUT","body":{"mimeType":"application/json","text":""},"parameters":[],"headers":[{"name":"Content-Type","value":"application/json","id":"pair_e1cc6621db0749e4a547369da9151263"}],"authentication":{},"metaSortKey":-1620948183560,"isPrivate":false,"settingStoreCookies":true,"settingSendCookies":true,"settingDisableRenderRequestBody":false,"settingEncodeUrl":true,"settingRebuildPath":true,"settingFollowRedirects":"global","_type":"request"},{"_id":"req_46683b914b7043d88322b621bc1c3ca9","parentId":"fld_ab0255b205b8498e876a49f5de80e75a","modified":1621377552286,"created":1621084669292,"url":"{{ _.rootLocalHost }}{{ _.counters }}{{ _.decrement }}{{ _.artist }}","name":"Put Counter Decrement Artists - OK","description":"","method":"PUT","body":{"mimeType":"application/json","text":""},"parameters":[],"headers":[{"name":"Content-Type","value":"application/json","id":"pair_e1cc6621db0749e4a547369da9151263"}],"authentication":{},"metaSortKey":-1620948173623.7188,"isPrivate":false,"settingStoreCookies":true,"settingSendCookies":true,"settingDisableRenderRequestBody":false,"settingEncodeUrl":true,"settingRebuildPath":true,"settingFollowRedirects":"global","_type":"request"},{"_id":"req_04350e915d144affa6e3c4da1bdf522c","parentId":"fld_ab0255b205b8498e876a49f5de80e75a","modified":1621376905980,"created":1621293717988,"url":"{{ _.rootLocalHost }}{{ _.counters }}{{ _.increment }}{{ _.song }}","name":"Put Counter Increment Song - OK","description":"","method":"PUT","body":{"mimeType":"application/json","text":""},"parameters":[],"headers":[{"name":"Content-Type","value":"application/json","id":"pair_e1cc6621db0749e4a547369da9151263"}],"authentication":{},"metaSortKey":-1620948163687.4375,"isPrivate":false,"settingStoreCookies":true,"settingSendCookies":true,"settingDisableRenderRequestBody":false,"settingEncodeUrl":true,"settingRebuildPath":true,"settingFollowRedirects":"global","_type":"request"},{"_id":"req_12cc178d40ec43deb0ceb21cb26cc699","parentId":"fld_ab0255b205b8498e876a49f5de80e75a","modified":1621377557166,"created":1621293726665,"url":"{{ _.rootLocalHost }}{{ _.counters }}{{ _.decrement }}{{ _.song }}","name":"Put Counter Decrement Song - OK","description":"","method":"PUT","body":{"mimeType":"application/json","text":""},"parameters":[],"headers":[{"name":"Content-Type","value":"application/json","id":"pair_e1cc6621db0749e4a547369da9151263"}],"authentication":{},"metaSortKey":-1620948123942.3125,"isPrivate":false,"settingStoreCookies":true,"settingSendCookies":true,"settingDisableRenderRequestBody":false,"settingEncodeUrl":true,"settingRebuildPath":true,"settingFollowRedirects":"global","_type":"request"},{"_id":"req_deae0bc97f2747ffa42dbd3c95a08737","parentId":"fld_ab0255b205b8498e876a49f5de80e75a","modified":1621114324654,"created":1621114075165,"url":"{{ _.rootLocalHost }}{{ _.counters }}{{ _.increment }}{{ _.chords }}/20","name":"Put Counter Increment Chords - OK","description":"","method":"PUT","body":{"mimeType":"application/json","text":""},"parameters":[],"headers":[{"name":"Content-Type","value":"application/json","id":"pair_e1cc6621db0749e4a547369da9151263"}],"authentication":{},"metaSortKey":-1620948104069.75,"isPrivate":false,"settingStoreCookies":true,"settingSendCookies":true,"settingDisableRenderRequestBody":false,"settingEncodeUrl":true,"settingRebuildPath":true,"settingFollowRedirects":"global","_type":"request"},{"_id":"req_f1128b61167146fe9142d821e96a8c9b","parentId":"fld_ab0255b205b8498e876a49f5de80e75a","modified":1621377765049,"created":1621377595249,"url":"{{ _.rootLocalHost }}{{ _.counters }}{{ _.decrement }}{{ _.chords }}/4-5","name":"Put Counter Decrement Chords - OK","description":"","method":"PUT","body":{"mimeType":"application/json","text":""},"parameters":[],"headers":[{"name":"Content-Type","value":"application/json","id":"pair_e1cc6621db0749e4a547369da9151263"}],"authentication":{},"metaSortKey":-1620816398223.9844,"isPrivate":false,"settingStoreCookies":true,"settingSendCookies":true,"settingDisableRenderRequestBody":false,"settingEncodeUrl":true,"settingRebuildPath":true,"settingFollowRedirects":"global","_type":"request"},{"_id":"req_1b4136ad4c374f8bbad2f19217a77a79","parentId":"fld_ab0255b205b8498e876a49f5de80e75a","modified":1621114143056,"created":1621088558498,"url":"{{ _.rootLocalHost }}{{ _.counters }}{{ _.increment }}{{ _.nivel }}/0","name":"Put Counter Increment Nivel - OK","description":"","method":"PUT","body":{"mimeType":"application/json","text":""},"parameters":[],"headers":[{"name":"Content-Type","value":"application/json","id":"pair_e1cc6621db0749e4a547369da9151263"}],"authentication":{},"metaSortKey":-1620684692378.2188,"isPrivate":false,"settingStoreCookies":true,"settingSendCookies":true,"settingDisableRenderRequestBody":false,"settingEncodeUrl":true,"settingRebuildPath":true,"settingFollowRedirects":"global","_type":"request"},{"_id":"req_b4b664a4ba5d4f98b354de192751f106","parentId":"fld_ab0255b205b8498e876a49f5de80e75a","modified":1621377768985,"created":1621377515715,"url":"{{ _.rootLocalHost }}{{ _.counters }}{{ _.decrement }}{{ _.nivel }}/1","name":"Put Counter Decrement Nivel - OK","description":"","method":"PUT","body":{"mimeType":"application/json","text":""},"parameters":[],"headers":[{"name":"Content-Type","value":"application/json","id":"pair_e1cc6621db0749e4a547369da9151263"}],"authentication":{},"metaSortKey":-1620553026277.5781,"isPrivate":false,"settingStoreCookies":true,"settingSendCookies":true,"settingDisableRenderRequestBody":false,"settingEncodeUrl":true,"settingRebuildPath":true,"settingFollowRedirects":"global","_type":"request"},{"_id":"req_d7a95da781044a5d8f9828863654a9c2","parentId":"fld_ab0255b205b8498e876a49f5de80e75a","modified":1621112326662,"created":1620476601921,"url":"{{ _.rootLocalHost }}{{ _.artists }}/all","name":"Get All Artist - OK","description":"","method":"GET","body":{},"parameters":[],"headers":[],"authentication":{},"metaSortKey":-1620421360176.9375,"isPrivate":false,"settingStoreCookies":true,"settingSendCookies":true,"settingDisableRenderRequestBody":false,"settingEncodeUrl":true,"settingRebuildPath":true,"settingFollowRedirects":"global","_type":"request"},{"_id":"req_84cf2a5a27ed4c5584de5b179d0ce2c8","parentId":"fld_ab0255b205b8498e876a49f5de80e75a","modified":1621110805308,"created":1620861508285,"url":"{{ _.rootLocalHost }}{{ _.artists }}/1505202184dd16ff51324","name":"Get Artist By Id - OK","description":"","method":"GET","body":{},"parameters":[],"headers":[],"authentication":{},"metaSortKey":-1619894695774.375,"isPrivate":false,"settingStoreCookies":true,"settingSendCookies":true,"settingDisableRenderRequestBody":false,"settingEncodeUrl":true,"settingRebuildPath":true,"settingFollowRedirects":"global","_type":"request"},{"_id":"req_e37c27119b6a4078b6755a98cfa579b2","parentId":"fld_ab0255b205b8498e876a49f5de80e75a","modified":1621376759726,"created":1621376717855,"url":"{{ _.rootLocalHost }}{{ _.artists }}/nameart/Criolo","name":"Get Name Artist By Id - OK","description":"","method":"GET","body":{},"parameters":[],"headers":[],"authentication":{},"metaSortKey":-1619855145096.543,"isPrivate":false,"settingStoreCookies":true,"settingSendCookies":true,"settingDisableRenderRequestBody":false,"settingEncodeUrl":true,"settingRebuildPath":true,"settingFollowRedirects":"global","_type":"request"},{"_id":"req_7c1ac7e60adc4b369569100098abe5da","parentId":"fld_ab0255b205b8498e876a49f5de80e75a","modified":1621112436356,"created":1620477163361,"url":"{{ _.rootLocalHost }}{{ _.artists }}/add","name":"Post Artist - OK","description":"","method":"POST","body":{"mimeType":"application/json","text":"{\n   \"artist_name\": \"Criolo\",\n    \"artist_genre\": \"Rap\"\n}"},"parameters":[],"headers":[{"name":"Content-Type","value":"application/json","id":"pair_b95856e4af4449258b7f3be088c14ca4"}],"authentication":{},"metaSortKey":-1619736493063.0469,"isPrivate":false,"settingStoreCookies":true,"settingSendCookies":true,"settingDisableRenderRequestBody":false,"settingEncodeUrl":true,"settingRebuildPath":true,"settingFollowRedirects":"global","_type":"request"},{"_id":"req_4ab3eda5d95c4e6ab219bda7b4b07da1","parentId":"fld_ab0255b205b8498e876a49f5de80e75a","modified":1621112295713,"created":1620477849532,"url":"{{ _.rootLocalHost }}{{ _.artists }}/delete/15052021b90d1cfb02c5","name":"Delete Artist By Id - OK","description":"","method":"DELETE","body":{},"parameters":[],"headers":[],"authentication":{},"metaSortKey":-1619578290392.3438,"isPrivate":false,"settingStoreCookies":true,"settingSendCookies":true,"settingDisableRenderRequestBody":false,"settingEncodeUrl":true,"settingRebuildPath":true,"settingFollowRedirects":"global","_type":"request"},{"_id":"req_9f9cc3cd299d45259804c9b604e28586","parentId":"fld_ab0255b205b8498e876a49f5de80e75a","modified":1621112410813,"created":1620477860930,"url":"{{ _.rootLocalHost }}{{ _.artists }}/update","name":"Put Artist - OK","description":"","method":"PUT","body":{"mimeType":"application/json","text":"  {\n    \"_id\": \"15052021f5b8ceb93370\",\n    \"artist_name\": \"Red Hot Chili Peppers\",\n    \"artist_genre\": \"Rock\"\n  }"},"parameters":[],"headers":[{"name":"Content-Type","value":"application/json","id":"pair_db166025ecb1472c8f8de3705916a1d8"}],"authentication":{},"metaSortKey":-1619261885050.9375,"isPrivate":false,"settingStoreCookies":true,"settingSendCookies":true,"settingDisableRenderRequestBody":false,"settingEncodeUrl":true,"settingRebuildPath":true,"settingFollowRedirects":"global","_type":"request"},{"_id":"req_3edef17bd24f40ea864eafd620cf1b58","parentId":"fld_ab0255b205b8498e876a49f5de80e75a","modified":1620862173021,"created":1620566658546,"url":"{{ _.rootLocalHost }}{{ _.user }}/all","name":"Get All User - OK","description":"","method":"GET","body":{},"parameters":[],"headers":[],"authentication":{},"metaSortKey":-1618629074318.125,"isPrivate":false,"settingStoreCookies":true,"settingSendCookies":true,"settingDisableRenderRequestBody":false,"settingEncodeUrl":true,"settingRebuildPath":true,"settingFollowRedirects":"global","_type":"request"},{"_id":"req_1b65d17e76c1446aa8ddac0c4df8c339","parentId":"fld_ab0255b205b8498e876a49f5de80e75a","modified":1620946129245,"created":1620566685266,"url":"{{ _.rootLocalHost }}{{ _.user }}/13052021f7ff972f2534","name":"Get User By Id - OK","description":"","method":"GET","body":{},"parameters":[],"headers":[],"authentication":{},"metaSortKey":-1618629074268.125,"isPrivate":false,"settingStoreCookies":true,"settingSendCookies":true,"settingDisableRenderRequestBody":false,"settingEncodeUrl":true,"settingRebuildPath":true,"settingFollowRedirects":"global","_type":"request"},{"_id":"req_934bf375652b45bd81368788938d7e19","parentId":"fld_ab0255b205b8498e876a49f5de80e75a","modified":1621032778597,"created":1620566737252,"url":"{{ _.rootLocalHost }}{{ _.user }}/add","name":"Post User - OK","description":"","method":"POST","body":{"mimeType":"application/json","text":"  {\n    \"name\": \"Daccord\",\n    \"password\": \"PassW0rd@y20\",\n    \"email\": \"daccord@email.com\",\n\t\t\"active\": true,\n\t\t\"userLogin\": 0\n  }"},"parameters":[],"headers":[{"name":"Content-Type","value":"application/json","id":"pair_b95856e4af4449258b7f3be088c14ca4"}],"authentication":{},"metaSortKey":-1618629074218.125,"isPrivate":false,"settingStoreCookies":true,"settingSendCookies":true,"settingDisableRenderRequestBody":false,"settingEncodeUrl":true,"settingRebuildPath":true,"settingFollowRedirects":"global","_type":"request"},{"_id":"req_c4bf84e53d7243ce9953e1d83b19cb2a","parentId":"fld_ab0255b205b8498e876a49f5de80e75a","modified":1621032208102,"created":1620566816280,"url":"{{ _.rootLocalHost }}{{ _.user }}/delete/1405202186f33961324a","name":"Delete User By Id - OK","description":"","method":"DELETE","body":{},"parameters":[],"headers":[],"authentication":{},"metaSortKey":-1618629074168.125,"isPrivate":false,"settingStoreCookies":true,"settingSendCookies":true,"settingDisableRenderRequestBody":false,"settingEncodeUrl":true,"settingRebuildPath":true,"settingFollowRedirects":"global","_type":"request"},{"_id":"req_9c13f7f3f6c14f9b9c91deb7b1a79d91","parentId":"fld_ab0255b205b8498e876a49f5de80e75a","modified":1621032740968,"created":1620566922075,"url":"{{ _.rootLocalHost }}{{ _.user }}/update","name":"Put User - OK","description":"","method":"PUT","body":{"mimeType":"application/json","text":"  {\n    \"_id\": \"LpF496hRxz2s324e7qVz\",\n    \"name\": \"Julio\",\n    \"email\": \"julio@teste.com\",\n    \"password\": \"12345678\",\n    \"active\": true,\n    \"userLogin\": 0\n  }"},"parameters":[],"headers":[{"name":"Content-Type","value":"application/json","id":"pair_db166025ecb1472c8f8de3705916a1d8"}],"authentication":{},"metaSortKey":-1618629074118.125,"isPrivate":false,"settingStoreCookies":true,"settingSendCookies":true,"settingDisableRenderRequestBody":false,"settingEncodeUrl":true,"settingRebuildPath":true,"settingFollowRedirects":"global","_type":"request"},{"_id":"env_d8d7ab89fc9fb8e7d00affbdaecc012cd74cf73f","parentId":"wrk_bac26fc12fbd4471a52cd17167c8666f","modified":1604102130918,"created":1590968663772,"name":"Base Environment","data":{"root":"https://lojaunitspring.herokuapp.com","clientes":"{{ root }}/clientes","formapagamento":"{{ root }}/formapagamento","itensvenda":"{{ root }}/itensvenda","categoria":"{{ root }}/categoria","marca":"{{ root }}/marca","fornecedor":"{{ root }}/fornecedor","produto":"{{ root }}/produto","venda":"{{ root }}/venda","faq":"{{ root }}/faq"},"dataPropertyOrder":{"&":["root","clientes","formapagamento","itensvenda","categoria","marca","fornecedor","produto","venda","faq"]},"color":null,"isPrivate":false,"metaSortKey":1590968663772,"_type":"environment"},{"_id":"jar_d8d7ab89fc9fb8e7d00affbdaecc012cd74cf73f","parentId":"wrk_bac26fc12fbd4471a52cd17167c8666f","modified":1590968663777,"created":1590968663777,"name":"Default Jar","cookies":[],"_type":"cookie_jar"},{"_id":"spc_399e2ef19e0248488c68355ea1c7da75","parentId":"wrk_bac26fc12fbd4471a52cd17167c8666f","modified":1591052730863,"created":1591052730863,"fileName":"Insomnia","contents":"","contentType":"yaml","_type":"api_spec"},{"_id":"env_d44aa5badf5a43f4b2971be6c0c999c4","parentId":"env_d8d7ab89fc9fb8e7d00affbdaecc012cd74cf73f","modified":1621165524122,"created":1618149214914,"name":"Daccord-Porto","data":{"rootLocalHost":"http://localhost:8080","artist":"/artist","user":"/user","song":"/song","cifra":"/cifra","log":"/log","artists":"/artists","counters":"/counters","increment":"/increment","decrement":"/decrement","nivel":"/nivel","chords":"/chords"},"dataPropertyOrder":{"&":["rootLocalHost","artist","user","song","cifra","log","artists","counters","increment","decrement","nivel","chords"]},"color":"#e61919","isPrivate":false,"metaSortKey":1618149214914,"_type":"environment"}]}