{"_type":"export","__export_format":4,"__export_date":"2021-04-08T23:07:04.679Z","__export_source":"insomnia.desktop.app:v2021.2.2","resources":[{"_id":"req_4a38c17cb9d84ded95584c37d29a08e6","parentId":"fld_1370aed888e4413286d5692ed3ef5b7f","modified":1617578370389,"created":1617363452914,"url":"{{ _.rootLocalHost }}/{{ _.music }}/all","name":"Get All Music Details - ok","description":"","method":"GET","body":{},"parameters":[],"headers":[],"authentication":{},"metaSortKey":-1617363453015,"isPrivate":false,"settingStoreCookies":true,"settingSendCookies":true,"settingDisableRenderRequestBody":false,"settingEncodeUrl":true,"settingRebuildPath":true,"settingFollowRedirects":"global","_type":"request"},{"_id":"fld_1370aed888e4413286d5692ed3ef5b7f","parentId":"fld_8a26237d500e49adbb760da0a521227d","modified":1617578364890,"created":1617578364890,"name":"Music","description":"","environment":{},"environmentPropertyOrder":null,"metaSortKey":-1617578364890,"_type":"request_group"},{"_id":"fld_8a26237d500e49adbb760da0a521227d","parentId":"wrk_bac26fc12fbd4471a52cd17167c8666f","modified":1617363804686,"created":1617363408640,"name":"back-daccord-porto","description":"","environment":{"rootLocalHost":"http://localhost:8080","music":"/music"},"environmentPropertyOrder":{"&":["rootLocalHost","music"]},"metaSortKey":-1617363408640,"_type":"request_group"},{"_id":"wrk_bac26fc12fbd4471a52cd17167c8666f","parentId":null,"modified":1590968663704,"created":1590968663704,"name":"Insomnia","description":"","scope":"collection","_type":"workspace"},{"_id":"req_6fbb0e2613994d66a8a03405e5dada0c","parentId":"fld_1370aed888e4413286d5692ed3ef5b7f","modified":1617578372621,"created":1617578097037,"url":"{{ _.rootLocalHost }}/{{ _.music }}/titulo/Polly","name":"Get Music Details By Título - ok","description":"","method":"GET","body":{},"parameters":[],"headers":[],"authentication":{},"metaSortKey":-1617363453002.5,"isPrivate":false,"settingStoreCookies":true,"settingSendCookies":true,"settingDisableRenderRequestBody":false,"settingEncodeUrl":true,"settingRebuildPath":true,"settingFollowRedirects":"global","_type":"request"},{"_id":"req_9a2bd7c3544344fe876f6848ae946f00","parentId":"fld_1370aed888e4413286d5692ed3ef5b7f","modified":1617578374299,"created":1617578186541,"url":"{{ _.rootLocalHost }}/{{ _.music }}/nivel/Easy","name":"Get All Music Details By Nível - ok","description":"","method":"GET","body":{},"parameters":[],"headers":[],"authentication":{},"metaSortKey":-1617363452999.375,"isPrivate":false,"settingStoreCookies":true,"settingSendCookies":true,"settingDisableRenderRequestBody":false,"settingEncodeUrl":true,"settingRebuildPath":true,"settingFollowRedirects":"global","_type":"request"},{"_id":"req_af55f78afc7b45bc8d442076d4b95550","parentId":"fld_1370aed888e4413286d5692ed3ef5b7f","modified":1617578376120,"created":1617578321383,"url":"{{ _.rootLocalHost }}{{ _.music }}/genero/qnt/Pop","name":"Get Total Music By Gênero - ok","description":"","method":"GET","body":{},"parameters":[],"headers":[],"authentication":{},"metaSortKey":-1617363452998.5938,"isPrivate":false,"settingStoreCookies":true,"settingSendCookies":true,"settingDisableRenderRequestBody":false,"settingEncodeUrl":true,"settingRebuildPath":true,"settingFollowRedirects":"global","_type":"request"},{"_id":"req_db69fa7bed024b0ab0232d0c26ac416e","parentId":"fld_1370aed888e4413286d5692ed3ef5b7f","modified":1617921842333,"created":1617366068766,"url":"{{ _.rootLocalHost }}{{ _.music }}/080420218d23aa4aa2f4","name":"Get Music Details By Id - ok","description":"","method":"GET","body":{},"parameters":[],"headers":[],"authentication":{},"metaSortKey":-1617363452998.2031,"isPrivate":false,"settingStoreCookies":true,"settingSendCookies":true,"settingDisableRenderRequestBody":false,"settingEncodeUrl":true,"settingRebuildPath":true,"settingFollowRedirects":"global","_type":"request"},{"_id":"req_eded31f4581f4b7abee2399d74da9041","parentId":"fld_1370aed888e4413286d5692ed3ef5b7f","modified":1617578375229,"created":1617578246647,"url":"{{ _.rootLocalHost }}{{ _.music }}/acordes/5","name":"Get All Music Details By Acordes - ok","description":"","method":"GET","body":{},"parameters":[],"headers":[],"authentication":{},"metaSortKey":-1617363452997.8125,"isPrivate":false,"settingStoreCookies":true,"settingSendCookies":true,"settingDisableRenderRequestBody":false,"settingEncodeUrl":true,"settingRebuildPath":true,"settingFollowRedirects":"global","_type":"request"},{"_id":"req_f381b53aa60144a0886815b4da8e66d2","parentId":"fld_1370aed888e4413286d5692ed3ef5b7f","modified":1617922849387,"created":1617578156669,"url":"{{ _.rootLocalHost }}{{ _.music }}/genero/Reggae","name":"Get All Music Details By Gênero - ok","description":"","method":"GET","body":{},"parameters":[],"headers":[],"authentication":{},"metaSortKey":-1617363452996.25,"isPrivate":false,"settingStoreCookies":true,"settingSendCookies":true,"settingDisableRenderRequestBody":false,"settingEncodeUrl":true,"settingRebuildPath":true,"settingFollowRedirects":"global","_type":"request"},{"_id":"req_63c401495a8b4420952fc7e37f2f96ac","parentId":"fld_1370aed888e4413286d5692ed3ef5b7f","modified":1617578371703,"created":1617364062445,"url":"{{ _.rootLocalHost }}/{{ _.music }}/artista/Nirvana","name":"Get Music Details By Artista - ok","description":"","method":"GET","body":{},"parameters":[],"headers":[],"authentication":{},"metaSortKey":-1617363452990,"isPrivate":false,"settingStoreCookies":true,"settingSendCookies":true,"settingDisableRenderRequestBody":false,"settingEncodeUrl":true,"settingRebuildPath":true,"settingFollowRedirects":"global","_type":"request"},{"_id":"req_3913db8330ff40ff92cfccaa2c820de8","parentId":"fld_1370aed888e4413286d5692ed3ef5b7f","modified":1617922343763,"created":1617665333418,"url":"{{ _.rootLocalHost }}{{ _.music }}/update","name":"Put Music By ID - ok","description":"","method":"PUT","body":{"mimeType":"application/json","text":"{\n  \"_id\": \"05042021700fb905170f\",\n  \"titulo\": \"O Passageiro\",\n  \"artista\": \"Capital Inicial\",\n  \"genero\": \"Rock\",\n  \"album\": \"Acústico MTV\",\n  \"ano\": 1993,\n  \"comentario\": \"Ótimo Álbmum\",\n  \"link\": \"http://www.capitalinicial.com.br\",\n  \"nivel\": \"Easy\",\n  \"music_user\": 1,\n  \"acordes\": 4\n}"},"parameters":[],"headers":[{"name":"Content-Type","value":"application/json","id":"pair_db166025ecb1472c8f8de3705916a1d8"}],"authentication":{},"metaSortKey":-1617363452977.5,"isPrivate":false,"settingStoreCookies":true,"settingSendCookies":true,"settingDisableRenderRequestBody":false,"settingEncodeUrl":true,"settingRebuildPath":true,"settingFollowRedirects":"global","_type":"request"},{"_id":"req_f12045ffbcb5480797e60499d5c20737","parentId":"fld_1370aed888e4413286d5692ed3ef5b7f","modified":1617665525639,"created":1617665474889,"url":"{{ _.rootLocalHost }}{{ _.music }}/delete/05042021700fb905170f","name":"Delete Music By ID - ok","description":"","method":"DELETE","body":{},"parameters":[],"headers":[],"authentication":{},"metaSortKey":-1617363452971.25,"isPrivate":false,"settingStoreCookies":true,"settingSendCookies":true,"settingDisableRenderRequestBody":false,"settingEncodeUrl":true,"settingRebuildPath":true,"settingFollowRedirects":"global","_type":"request"},{"_id":"req_aca402287cb3490a874b4f92a6260bc7","parentId":"fld_1370aed888e4413286d5692ed3ef5b7f","modified":1617921806614,"created":1617364459876,"url":"{{ _.rootLocalHost }}/{{ _.music }}/add/08042021f0954815c33f","name":"Post Music - ok","description":"","method":"POST","body":{"mimeType":"application/json","text":"  {\n    \"titulo\": \"Peace In a Time Of War\",\n    \"artista\": \"SOJA\",\n    \"genero\": \"Reggae\",\n    \"album\": \"Peace In a Time Of War\",\n    \"ano\": 2002,\n    \"comentario\": \"Álbum Fo@&%!\",\n    \"link\": \"http://www.soja.com\",\n    \"nivel\": \"Easy\",\n    \"acordes\": 2\n  }"},"parameters":[],"headers":[{"name":"Content-Type","value":"application/json","id":"pair_b95856e4af4449258b7f3be088c14ca4"}],"authentication":{},"metaSortKey":-1617363452965,"isPrivate":false,"settingStoreCookies":true,"settingSendCookies":true,"settingDisableRenderRequestBody":false,"settingEncodeUrl":true,"settingRebuildPath":true,"settingFollowRedirects":"global","_type":"request"},{"_id":"req_5e000530607d49a296e8b3e7cfe0a6cc","parentId":"fld_1370aed888e4413286d5692ed3ef5b7f","modified":1617920363249,"created":1617920313117,"url":"{{ _.rootLocalHost }}/user/05042021782b5e464c29","name":"Get User Details By Id - ok","description":"","method":"GET","body":{},"parameters":[],"headers":[],"authentication":{},"metaSortKey":-1617034152512.625,"isPrivate":false,"settingStoreCookies":true,"settingSendCookies":true,"settingDisableRenderRequestBody":false,"settingEncodeUrl":true,"settingRebuildPath":true,"settingFollowRedirects":"global","_type":"request"},{"_id":"req_2555a05dfbc4474eb64bf597587b399e","parentId":"fld_1370aed888e4413286d5692ed3ef5b7f","modified":1617664909639,"created":1617664552320,"url":"{{ _.rootLocalHost }}/user/all","name":"Get All User Details - ok","description":"","method":"GET","body":{},"parameters":[],"headers":[],"authentication":{},"metaSortKey":-1616704852060.25,"isPrivate":false,"settingStoreCookies":true,"settingSendCookies":true,"settingDisableRenderRequestBody":false,"settingEncodeUrl":true,"settingRebuildPath":true,"settingFollowRedirects":"global","_type":"request"},{"_id":"req_6ee1c57d97954dd9aeee6886da75fb1f","parentId":"fld_1370aed888e4413286d5692ed3ef5b7f","modified":1617922715498,"created":1617921861781,"url":"{{ _.rootLocalHost }}/user/delete/0804202120d554708b0e","name":"Delete User By ID - ok","description":"","method":"DELETE","body":{},"parameters":[],"headers":[],"authentication":{},"metaSortKey":-1616375551607.875,"isPrivate":false,"settingStoreCookies":true,"settingSendCookies":true,"settingDisableRenderRequestBody":false,"settingEncodeUrl":true,"settingRebuildPath":true,"settingFollowRedirects":"global","_type":"request"},{"_id":"req_89fa9a6163d84f8bb1efcb5bdd389d20","parentId":"fld_1370aed888e4413286d5692ed3ef5b7f","modified":1617922796257,"created":1617922124616,"url":"{{ _.rootLocalHost }}/user/update","name":"Put User By ID - ok","description":"","method":"PUT","body":{"mimeType":"application/json","text":"  {\n    \"_id\":\"0804202156d921603317\",\n\t\t\"name\": \"User Carlos\",\n    \"login\": \"carlos@email\",\n    \"password\": \"SeNhApAdRaO\",\n    \"email\": \"carlos@email.com.br\",\n    \"phone\": \"+55819987654321\"\n  }"},"parameters":[],"headers":[{"name":"Content-Type","value":"application/json","id":"pair_db166025ecb1472c8f8de3705916a1d8"}],"authentication":{},"metaSortKey":-1616210901381.6875,"isPrivate":false,"settingStoreCookies":true,"settingSendCookies":true,"settingDisableRenderRequestBody":false,"settingEncodeUrl":true,"settingRebuildPath":true,"settingFollowRedirects":"global","_type":"request"},{"_id":"req_4511013da7a24e3fbf545c93838b5523","parentId":"fld_1370aed888e4413286d5692ed3ef5b7f","modified":1617922808894,"created":1617664081268,"url":"{{ _.rootLocalHost }}/user/add","name":"Post User - ok","description":"","method":"POST","body":{"mimeType":"application/json","text":"  {\n    \"name\": \"User Carlos\",\n    \"login\": \"carlos@email\",\n    \"password\": \"1234\",\n    \"email\": \"carlos@email.com.br\",\n    \"phone\": \"+55819987654321\"\n  }"},"parameters":[],"headers":[{"name":"Content-Type","value":"application/json","id":"pair_b95856e4af4449258b7f3be088c14ca4"}],"authentication":{},"metaSortKey":-1616046251155.5,"isPrivate":false,"settingStoreCookies":true,"settingSendCookies":true,"settingDisableRenderRequestBody":false,"settingEncodeUrl":true,"settingRebuildPath":true,"settingFollowRedirects":"global","_type":"request"},{"_id":"env_d8d7ab89fc9fb8e7d00affbdaecc012cd74cf73f","parentId":"wrk_bac26fc12fbd4471a52cd17167c8666f","modified":1604102130918,"created":1590968663772,"name":"Base Environment","data":{"root":"https://lojaunitspring.herokuapp.com","clientes":"{{ root }}/clientes","formapagamento":"{{ root }}/formapagamento","itensvenda":"{{ root }}/itensvenda","categoria":"{{ root }}/categoria","marca":"{{ root }}/marca","fornecedor":"{{ root }}/fornecedor","produto":"{{ root }}/produto","venda":"{{ root }}/venda","faq":"{{ root }}/faq"},"dataPropertyOrder":{"&":["root","clientes","formapagamento","itensvenda","categoria","marca","fornecedor","produto","venda","faq"]},"color":null,"isPrivate":false,"metaSortKey":1590968663772,"_type":"environment"},{"_id":"jar_d8d7ab89fc9fb8e7d00affbdaecc012cd74cf73f","parentId":"wrk_bac26fc12fbd4471a52cd17167c8666f","modified":1590968663777,"created":1590968663777,"name":"Default Jar","cookies":[],"_type":"cookie_jar"},{"_id":"spc_399e2ef19e0248488c68355ea1c7da75","parentId":"wrk_bac26fc12fbd4471a52cd17167c8666f","modified":1591052730863,"created":1591052730863,"fileName":"Insomnia","contents":"","contentType":"yaml","_type":"api_spec"},{"_id":"env_703aad7620744a8aa0959270dd7da56a","parentId":"env_d8d7ab89fc9fb8e7d00affbdaecc012cd74cf73f","modified":1617664117972,"created":1617363624367,"name":"LocalHost - back-daccor-porto","data":{"rootLocalHost":"http://localhost:8080","music":"/music","user":"/user"},"dataPropertyOrder":{"&":["rootLocalHost","music","user"]},"color":"#da1010","isPrivate":false,"metaSortKey":1617363624367,"_type":"environment"}]}