{"_type":"export","__export_format":4,"__export_date":"2021-04-29T23:52:10.336Z","__export_source":"insomnia.desktop.app:v2021.3.0","resources":[{"_id":"req_2555a05dfbc4474eb64bf597587b399e","parentId":"fld_07ff389d59d049489e33b24f2c9f45a4","modified":1618149431329,"created":1617664552320,"url":"{{ _.rootLocalHost }}{{ _.user }}/all","name":"Get All User","description":"","method":"GET","body":{},"parameters":[],"headers":[],"authentication":{},"metaSortKey":-1617034152562.625,"isPrivate":false,"settingStoreCookies":true,"settingSendCookies":true,"settingDisableRenderRequestBody":false,"settingEncodeUrl":true,"settingRebuildPath":true,"settingFollowRedirects":"global","_type":"request"},{"_id":"fld_07ff389d59d049489e33b24f2c9f45a4","parentId":"wrk_bac26fc12fbd4471a52cd17167c8666f","modified":1618149024935,"created":1618149024935,"name":"daccord-porto","description":"","environment":{},"environmentPropertyOrder":null,"metaSortKey":-1618149024935,"_type":"request_group"},{"_id":"wrk_bac26fc12fbd4471a52cd17167c8666f","parentId":null,"modified":1590968663704,"created":1590968663704,"name":"Insomnia","description":"","scope":"collection","_type":"workspace"},{"_id":"req_5e000530607d49a296e8b3e7cfe0a6cc","parentId":"fld_07ff389d59d049489e33b24f2c9f45a4","modified":1618149477468,"created":1617920313117,"url":"{{ _.rootLocalHost }}{{ _.user }}/usMwN3xAaMt5ZjwhKCRP","name":"Get User By Id","description":"","method":"GET","body":{},"parameters":[],"headers":[],"authentication":{},"metaSortKey":-1617034152512.625,"isPrivate":false,"settingStoreCookies":true,"settingSendCookies":true,"settingDisableRenderRequestBody":false,"settingEncodeUrl":true,"settingRebuildPath":true,"settingFollowRedirects":"global","_type":"request"},{"_id":"req_4511013da7a24e3fbf545c93838b5523","parentId":"fld_07ff389d59d049489e33b24f2c9f45a4","modified":1619739545848,"created":1617664081268,"url":"{{ _.rootLocalHost }}{{ _.user }}/add","name":"Post User","description":"","method":"POST","body":{"mimeType":"application/json","text":"  {\n    \"name\": \"Jose\",\n    \"password\": \"jose#1990\",\n    \"email\": \"jose@email.com.br\"\n  }"},"parameters":[],"headers":[{"name":"Content-Type","value":"application/json","id":"pair_b95856e4af4449258b7f3be088c14ca4"}],"authentication":{},"metaSortKey":-1617034152493.875,"isPrivate":false,"settingStoreCookies":true,"settingSendCookies":true,"settingDisableRenderRequestBody":false,"settingEncodeUrl":true,"settingRebuildPath":true,"settingFollowRedirects":"global","_type":"request"},{"_id":"req_6ee1c57d97954dd9aeee6886da75fb1f","parentId":"fld_07ff389d59d049489e33b24f2c9f45a4","modified":1619739645694,"created":1617921861781,"url":"{{ _.rootLocalHost }}{{ _.user }}/delete/2904202174efbbeac399","name":"Delete User By ID","description":"","method":"DELETE","body":{},"parameters":[],"headers":[],"authentication":{},"metaSortKey":-1617034152489.1875,"isPrivate":false,"settingStoreCookies":true,"settingSendCookies":true,"settingDisableRenderRequestBody":false,"settingEncodeUrl":true,"settingRebuildPath":true,"settingFollowRedirects":"global","_type":"request"},{"_id":"req_89fa9a6163d84f8bb1efcb5bdd389d20","parentId":"fld_07ff389d59d049489e33b24f2c9f45a4","modified":1619739692921,"created":1617922124616,"url":"{{ _.rootLocalHost }}{{ _.user }}/update","name":"Put User By ID","description":"","method":"PUT","body":{"mimeType":"application/json","text":"  {\n    \"_id\":\"11042021f62999ba3385\",\n\t\t\"name\": \"User Teste Update\",\n    \"password\": \"update#2021@Testando\",\n    \"email\": \"update@email.com\"\n  }"},"parameters":[],"headers":[{"name":"Content-Type","value":"application/json","id":"pair_db166025ecb1472c8f8de3705916a1d8"}],"authentication":{},"metaSortKey":-1617034152484.5,"isPrivate":false,"settingStoreCookies":true,"settingSendCookies":true,"settingDisableRenderRequestBody":false,"settingEncodeUrl":true,"settingRebuildPath":true,"settingFollowRedirects":"global","_type":"request"},{"_id":"req_4a38c17cb9d84ded95584c37d29a08e6","parentId":"fld_07ff389d59d049489e33b24f2c9f45a4","modified":1618270359148,"created":1617363452914,"url":"{{ _.rootLocalHost }}{{ _.artist }}/all","name":"Get All Artist","description":"","method":"GET","body":{},"parameters":[],"headers":[],"authentication":{},"metaSortKey":-1617034152434.5,"isPrivate":false,"settingStoreCookies":true,"settingSendCookies":true,"settingDisableRenderRequestBody":false,"settingEncodeUrl":true,"settingRebuildPath":true,"settingFollowRedirects":"global","_type":"request"},{"_id":"req_db69fa7bed024b0ab0232d0c26ac416e","parentId":"fld_07ff389d59d049489e33b24f2c9f45a4","modified":1618274285778,"created":1617366068766,"url":"{{ _.rootLocalHost }}{{ _.artist }}/4N4HctJMauK1TRF5RKak","name":"Get Artist By Id","description":"","method":"GET","body":{},"parameters":[],"headers":[],"authentication":{},"metaSortKey":-1617034152428.25,"isPrivate":false,"settingStoreCookies":true,"settingSendCookies":true,"settingDisableRenderRequestBody":false,"settingEncodeUrl":true,"settingRebuildPath":true,"settingFollowRedirects":"global","_type":"request"},{"_id":"req_aca402287cb3490a874b4f92a6260bc7","parentId":"fld_07ff389d59d049489e33b24f2c9f45a4","modified":1619739566292,"created":1617364459876,"url":"{{ _.rootLocalHost }}{{ _.artist }}/add","name":"Post Artist","description":"","method":"POST","body":{"mimeType":"application/json","text":"{\n  \"artist_genre\": \"Samba\",\n  \"artist_name\": \"Diogo Nogueira\"\n}"},"parameters":[],"headers":[{"name":"Content-Type","value":"application/json","id":"pair_b95856e4af4449258b7f3be088c14ca4"}],"authentication":{},"metaSortKey":-1617034152425.125,"isPrivate":false,"settingStoreCookies":true,"settingSendCookies":true,"settingDisableRenderRequestBody":false,"settingEncodeUrl":true,"settingRebuildPath":true,"settingFollowRedirects":"global","_type":"request"},{"_id":"req_f12045ffbcb5480797e60499d5c20737","parentId":"fld_07ff389d59d049489e33b24f2c9f45a4","modified":1618274532547,"created":1617665474889,"url":"{{ _.rootLocalHost }}{{ _.artist }}/delete/12042021c55b493af49d","name":"Delete Artist By ID","description":"","method":"DELETE","body":{},"parameters":[],"headers":[],"authentication":{},"metaSortKey":-1617034152423.5625,"isPrivate":false,"settingStoreCookies":true,"settingSendCookies":true,"settingDisableRenderRequestBody":false,"settingEncodeUrl":true,"settingRebuildPath":true,"settingFollowRedirects":"global","_type":"request"},{"_id":"req_3913db8330ff40ff92cfccaa2c820de8","parentId":"fld_07ff389d59d049489e33b24f2c9f45a4","modified":1618443663383,"created":1617665333418,"url":"{{ _.rootLocalHost }}{{ _.artist }}/update","name":"Put Artist By ID","description":"","method":"PUT","body":{"mimeType":"application/json","text":"{\n\t\"_id\":\"12042021054d343fe879\",\n  \"artist_genre\": \"Pop\",\n  \"artist_name\": \"Artist Update\"\n}"},"parameters":[],"headers":[{"name":"Content-Type","value":"application/json","id":"pair_db166025ecb1472c8f8de3705916a1d8"}],"authentication":{},"metaSortKey":-1617034152423.1719,"isPrivate":false,"settingStoreCookies":true,"settingSendCookies":true,"settingDisableRenderRequestBody":false,"settingEncodeUrl":true,"settingRebuildPath":true,"settingFollowRedirects":"global","_type":"request"},{"_id":"req_21c20fcb5e2442b4b508076cfec09050","parentId":"fld_07ff389d59d049489e33b24f2c9f45a4","modified":1618443715208,"created":1618443658907,"url":"{{ _.rootLocalHost }}{{ _.song }}/all","name":"Get All Song","description":"","method":"GET","body":{},"parameters":[],"headers":[],"authentication":{},"metaSortKey":-1617034152422.7812,"isPrivate":false,"settingStoreCookies":true,"settingSendCookies":true,"settingDisableRenderRequestBody":false,"settingEncodeUrl":true,"settingRebuildPath":true,"settingFollowRedirects":"global","_type":"request"},{"_id":"req_3602791f18164ddca7e099470431f7cf","parentId":"fld_07ff389d59d049489e33b24f2c9f45a4","modified":1618443740043,"created":1618443670942,"url":"{{ _.rootLocalHost }}{{ _.song }}/ufggqhYyHHZAQEWzf4d2","name":"Get Song By Id","description":"","method":"GET","body":{},"parameters":[],"headers":[],"authentication":{},"metaSortKey":-1617034152372.7812,"isPrivate":false,"settingStoreCookies":true,"settingSendCookies":true,"settingDisableRenderRequestBody":false,"settingEncodeUrl":true,"settingRebuildPath":true,"settingFollowRedirects":"global","_type":"request"},{"_id":"req_0d11781820f446c48556a67c4a075dfd","parentId":"fld_07ff389d59d049489e33b24f2c9f45a4","modified":1619738904721,"created":1618444897524,"url":"{{ _.rootLocalHost }}{{ _.song }}/add","name":"Post Song","description":"","method":"POST","body":{"mimeType":"application/json","text":"{\n  \"artist\": \"Cartola\",\n\t\"link_audio\": \"https://www.youtube.com/watch?v=5j3QjEk-6c0\",\n  \"title\": \"As Rosas não Falam\"\n}"},"parameters":[],"headers":[{"name":"Content-Type","value":"application/json","id":"pair_b95856e4af4449258b7f3be088c14ca4"}],"authentication":{},"metaSortKey":-1617034152322.7812,"isPrivate":false,"settingStoreCookies":true,"settingSendCookies":true,"settingDisableRenderRequestBody":false,"settingEncodeUrl":true,"settingRebuildPath":true,"settingFollowRedirects":"global","_type":"request"},{"_id":"req_2de894018a33444e92880348339ad4d2","parentId":"fld_07ff389d59d049489e33b24f2c9f45a4","modified":1618446174367,"created":1618446160012,"url":"{{ _.rootLocalHost }}{{ _.song }}/delete/14042021ce359c9b03bf","name":"Delete Song By ID","description":"","method":"DELETE","body":{},"parameters":[],"headers":[],"authentication":{},"metaSortKey":-1617034152297.7812,"isPrivate":false,"settingStoreCookies":true,"settingSendCookies":true,"settingDisableRenderRequestBody":false,"settingEncodeUrl":true,"settingRebuildPath":true,"settingFollowRedirects":"global","_type":"request"},{"_id":"req_df59f938e4af4c4584fd9218a318d806","parentId":"fld_07ff389d59d049489e33b24f2c9f45a4","modified":1619736037653,"created":1618446059015,"url":"{{ _.rootLocalHost }}{{ _.song }}/update","name":"Put Song By ID","description":"","method":"PUT","body":{"mimeType":"application/json","text":"  {\n    \"_id\": \"ufggqhYyHHZAQEWzf4d2\",\n    \"artist\": \"Alceu Valença\",\n    \"artist_id\": \"140420211e8b5f3ec7ac\",\n    \"link_audio\": \"https://www.youtube.com/watch?v=GFlWlx10pjw\",\n    \"title\": \"Tropicana\"\n  }"},"parameters":[],"headers":[{"name":"Content-Type","value":"application/json","id":"pair_db166025ecb1472c8f8de3705916a1d8"}],"authentication":{},"metaSortKey":-1617034152291.5312,"isPrivate":false,"settingStoreCookies":true,"settingSendCookies":true,"settingDisableRenderRequestBody":false,"settingEncodeUrl":true,"settingRebuildPath":true,"settingFollowRedirects":"global","_type":"request"},{"_id":"req_bb1cdb4606e3425da0caa8feb582fdce","parentId":"fld_07ff389d59d049489e33b24f2c9f45a4","modified":1619736078282,"created":1619736028698,"url":"{{ _.rootLocalHost }}{{ _.log }}/all","name":"Get All Log","description":"","method":"GET","body":{},"parameters":[],"headers":[],"authentication":{},"metaSortKey":-1617034152285.2812,"isPrivate":false,"settingStoreCookies":true,"settingSendCookies":true,"settingDisableRenderRequestBody":false,"settingEncodeUrl":true,"settingRebuildPath":true,"settingFollowRedirects":"global","_type":"request"},{"_id":"req_ebb7187db77f4e4e853c7f2151fa997d","parentId":"fld_07ff389d59d049489e33b24f2c9f45a4","modified":1619736636246,"created":1619736348641,"url":"{{ _.rootLocalHost }}{{ _.log }}/2904202190f9c26e803f","name":"Get Log By Id","description":"","method":"GET","body":{},"parameters":[],"headers":[],"authentication":{},"metaSortKey":-1617034152235.2812,"isPrivate":false,"settingStoreCookies":true,"settingSendCookies":true,"settingDisableRenderRequestBody":false,"settingEncodeUrl":true,"settingRebuildPath":true,"settingFollowRedirects":"global","_type":"request"},{"_id":"req_733f06d5d97f4e91aae115c62444e4d5","parentId":"fld_07ff389d59d049489e33b24f2c9f45a4","modified":1619736617928,"created":1619736429141,"url":"{{ _.rootLocalHost }}{{ _.log }}/add","name":"Post Log","description":"","method":"POST","body":{"mimeType":"application/json","text":"  {\n    \"description\": \"NewValue II\",\n    \"userId\": \"new One\",\n    \"collection\": \"artist\"\n  }"},"parameters":[],"headers":[{"name":"Content-Type","value":"application/json","id":"pair_b95856e4af4449258b7f3be088c14ca4"}],"authentication":{},"metaSortKey":-1617034152185.2812,"isPrivate":false,"settingStoreCookies":true,"settingSendCookies":true,"settingDisableRenderRequestBody":false,"settingEncodeUrl":true,"settingRebuildPath":true,"settingFollowRedirects":"global","_type":"request"},{"_id":"req_2380c4e37cc2400686630cc2200e720a","parentId":"fld_07ff389d59d049489e33b24f2c9f45a4","modified":1619736642171,"created":1619736439964,"url":"{{ _.rootLocalHost }}{{ _.log }}/delete/2904202190f9c26e803f","name":"Delete Log By ID","description":"","method":"DELETE","body":{},"parameters":[],"headers":[],"authentication":{},"metaSortKey":-1617034152135.2812,"isPrivate":false,"settingStoreCookies":true,"settingSendCookies":true,"settingDisableRenderRequestBody":false,"settingEncodeUrl":true,"settingRebuildPath":true,"settingFollowRedirects":"global","_type":"request"},{"_id":"req_2c3ca4f751ff4532b9fb1c92f5d69d6e","parentId":"fld_07ff389d59d049489e33b24f2c9f45a4","modified":1619736691840,"created":1619736453230,"url":"{{ _.rootLocalHost }}{{ _.log }}/update","name":"Put Log By ID","description":"","method":"PUT","body":{"mimeType":"application/json","text":"  {\n\t\t\"_id\": \"29042021f9bb7eeaa26f\",\n    \"description\": \"NewValue II\",\n    \"userId\": \"new One II\",\n    \"collection\": \"cifra\"\n  }"},"parameters":[],"headers":[{"name":"Content-Type","value":"application/json","id":"pair_db166025ecb1472c8f8de3705916a1d8"}],"authentication":{},"metaSortKey":-1617034152085.2812,"isPrivate":false,"settingStoreCookies":true,"settingSendCookies":true,"settingDisableRenderRequestBody":false,"settingEncodeUrl":true,"settingRebuildPath":true,"settingFollowRedirects":"global","_type":"request"},{"_id":"env_d8d7ab89fc9fb8e7d00affbdaecc012cd74cf73f","parentId":"wrk_bac26fc12fbd4471a52cd17167c8666f","modified":1604102130918,"created":1590968663772,"name":"Base Environment","data":{"root":"https://lojaunitspring.herokuapp.com","clientes":"{{ root }}/clientes","formapagamento":"{{ root }}/formapagamento","itensvenda":"{{ root }}/itensvenda","categoria":"{{ root }}/categoria","marca":"{{ root }}/marca","fornecedor":"{{ root }}/fornecedor","produto":"{{ root }}/produto","venda":"{{ root }}/venda","faq":"{{ root }}/faq"},"dataPropertyOrder":{"&":["root","clientes","formapagamento","itensvenda","categoria","marca","fornecedor","produto","venda","faq"]},"color":null,"isPrivate":false,"metaSortKey":1590968663772,"_type":"environment"},{"_id":"jar_d8d7ab89fc9fb8e7d00affbdaecc012cd74cf73f","parentId":"wrk_bac26fc12fbd4471a52cd17167c8666f","modified":1590968663777,"created":1590968663777,"name":"Default Jar","cookies":[],"_type":"cookie_jar"},{"_id":"spc_399e2ef19e0248488c68355ea1c7da75","parentId":"wrk_bac26fc12fbd4471a52cd17167c8666f","modified":1591052730863,"created":1591052730863,"fileName":"Insomnia","contents":"","contentType":"yaml","_type":"api_spec"},{"_id":"env_d44aa5badf5a43f4b2971be6c0c999c4","parentId":"env_d8d7ab89fc9fb8e7d00affbdaecc012cd74cf73f","modified":1619736295712,"created":1618149214914,"name":"Daccord-Porto","data":{"rootLocalHost":"http://localhost:8080","artist":"/artist","user":"/user","song":"/song","cifra":"/cifra","log":"/log"},"dataPropertyOrder":{"&":["rootLocalHost","artist","user","song","cifra","log"]},"color":"#e61919","isPrivate":false,"metaSortKey":1618149214914,"_type":"environment"}]}